{
  "steps": 55979,
  "method": "Verlet",
  "dt": 8.93180089891229e-05,
  "t0": 0,
  "mass": 0.001,
  "k": 9000,
  "gamma": 100,
  "r0": 0,
  "v0": 0,
  "a0": 0,
  "N": 100,
  "A": 0.1,
  "omega": 111.95950417141289
}
